,s,survival F
0,1.5,0.25440024760264024
1,2.5,0.12265855836241146
2,3.5,0.07486452546660372
3,4.5,0.051586791497320705
4,5.5,0.038263888813034996
5,6.5,0.029819054156033697
6,7.5,0.02407553568785592
7,8.5,0.01996254076673687
8,9.5,0.016898873466552278
9,10.5,0.014544819968589806
10,11.5,0.012689981569100395
11,12.5,0.011197844830199144
12,13.5,0.009976384429177698
13,14.5,0.008961549294445814
14,15.5,0.008107531777523325
15,16.5,0.007380797498169778
16,17.5,0.006756293609131103
17,18.5,0.0062149673759898105
18,19.5,0.005742099136006207
19,20.5,0.005326156154015771
20,21.5,0.004957988233193489
21,22.5,0.004630252684421299
22,23.5,0.0043369963826317415
23,24.5,0.004073347402159033
24,25.5,0.0038352843725453223
25,26.5,0.0036194618001085255
26,27.5,0.00342307625242555
27,28.5,0.003243762760810176
28,29.5,0.0030795138326965565
29,30.5,0.0029286155659544733
30,31.5,0.0027895968298267126
31,32.5,0.002661188523248037
32,33.5,0.0025422906733003625
33,34.5,0.002431945683224246
34,35.5,0.0023293164409653455
35,36.5,0.002233668297098923
36,37.5,0.002144354143955862
37,38.5,0.002060801996140338
38,39.5,0.00198250460078897
39,40.5,0.001909010704232772
40,41.5,0.0018399176776794368
41,42.5,0.0017748652636231377
42,43.5,0.0017135302509583283
43,44.5,0.0016556219232255476
44,45.5,0.0016008781533058958
45,46.5,0.001549062040902549
46,47.5,0.0014999590075900349
47,48.5,0.0014533742790647786
48,49.5,0.0014091306962467076
49,50.5,0.0013670668066516622
50,51.5,0.0013270351954282056
51,52.5,0.0012889010219959696
52,53.5,0.0012525407336043681
53,54.5,0.0012178409315847238
54,55.5,0.0011846973697581253
55,56.5,0.0011530140675399814
56,57.5,0.0011227025228479626
57,58.5,0.0010936810120762974
58,59.5,0.0010658739662099403
59,60.5,0.0010392114136807962
60,61.5,0.0010136284818612618
61,62.5,0.0009890649501881343
62,63.5,0.0009654648488437445
63,64.5,0.000942776097718534
64,65.5,0.0009209501810611975
65,66.5,0.0008999418538068182
66,67.5,0.0008797088760768013
67,68.5,0.0008602117727782854
68,69.5,0.0008414136156040808
69,70.5,0.0008232798250586981
70,71.5,0.000805777990418366
71,72.5,0.0007888777057748486
72,73.5,0.000772550420529261
73,74.5,0.0007567693028850409
74,75.5,0.0007415091150536623
75,76.5,0.0007267460990286745
76,77.5,0.000712457871908545
77,78.5,0.0006986233298589273
78,79.5,0.000685222559902221
79,80.5,0.000672236758807121
80,81.5,0.0006596481584273395
81,82.5,0.0006474399569041944
82,83.5,0.0006355962552092587
83,84.5,0.0006241019985530061
84,85.5,0.0006129429222351268
85,86.5,0.0006021055015519305
86,87.5,0.0005915769054142261
87,88.5,0.0005813449533621506
88,89.5,0.0005713980756928416
89,90.5,0.0005617252764444913
90,91.5,0.0005523160990019704
91,92.5,0.0005431605941135231
92,93.5,0.0005342492901246887
93,94.5,0.0005255731652539231
94,95.5,0.0005171236217508257
95,96.5,0.0005088924617899782
96,97.5,0.0005008718649682775
97,98.5,0.0004930543672829746
98,99.5,0.00048543284147994914
99,100.5,0.00047800047866941586
100,101.5,0.00047075077111657926
101,102.5,0.00046367749612064024
102,103.5,0.00045677470090399463
103,104.5,0.00045003668843868194
104,105.5,0.0004434580041448033
105,106.5,0.00043703342339818096
106,107.5,0.00043075793979174826
107,108.5,0.0004246267540990445
108,109.5,0.00041863526389085415
109,110.5,0.0004127790537614695
110,111.5,0.00040705388612338744
111,112.5,0.0004014556925329149
112,113.5,0.0003959805655111559
113,114.5,0.0003906247508286276
114,115.5,0.0003853846402227523
115,116.5,0.00038025676452124735
116,117.5,0.00037523778714487754
117,118.5,0.0003703244979660347
118,119.5,0.00036551380750027285
119,120.5,0.0003608027414110371
120,121.5,0.0003561884353076028
121,122.5,0.0003516681298182389
122,123.5,0.00034723916592260817
123,124.5,0.0003428989805269733
124,125.5,0.00033864510226844224
125,126.5,0.0003344751475341523
126,127.5,0.0003303868166832924
127,128.5,0.0003263778904593062
128,129.5,0.0003224462265826178
129,130.5,0.000318589756512222
130,131.5,0.000314806482367036
131,132.5,0.00031109447399835233
132,133.5,0.0003074518662042891
133,134.5,0.0003038768560785776
134,135.5,0.0003003677004868033
135,136.5,0.00029692271366166256
136,137.5,0.0002935402649126839
137,138.5,0.0002902187764427522
138,139.5,0.0002869567212662183
139,140.5,0.0002837526212231545
140,141.5,0.0002806050450847586
141,142.5,0.0002775126067451339
142,143.5,0.0002744739634945592
143,144.5,0.00027148781437047464
144,145.5,0.00026855289858196407
145,146.5,0.0002656679940040707
146,147.5,0.00026283191573839293
147,148.5,0.00026004351473651877
148,149.5,0.00025730167648319036
149,150.5,0.0002546053197360898
150,151.5,0.0002519533953200259
151,152.5,0.00024934488497230234
152,153.5,0.00024677880023649124
153,154.5,0.00024425418140316957
154,155.5,0.0002417700964946201
155,156.5,0.00023932564029194303
156,157.5,0.00023691993340158035
157,158.5,0.0002345521213609203
158,159.5,0.0002322213737796508
159,160.5,0.00022992688351608503
160,161.5,0.00022766786588657162
161,162.5,0.0002254435579064351
162,163.5,0.00022325321756133665
163,164.5,0.00022109612310672322
164,165.5,0.0002189715723954766
165,166.5,0.00021687888223143048
166,167.5,0.0002148173877477566
167,168.5,0.0002127864418097758
168,169.5,0.0002107854144401955
169,170.5,0.00020881369226655178
170,171.5,0.00020687067798919045
171,172.5,0.00020495578986967633
172,173.5,0.0002030684612380762
173,174.5,0.00020120814001878262
174,175.5,0.00019937428827354609
175,176.5,0.0001975663817617157
176,177.5,0.00019578390951624502
177,178.5,0.00019402637343524098
178,179.5,0.00019229328788827882
179,180.5,0.00019058417933703886
180,181.5,0.00018889858596893294
181,182.5,0.00018723605734460858
182,183.5,0.00018559615405733254
183,184.5,0.0001839784474044759
184,185.5,0.00018238251907054526
185,186.5,0.00018080796082120543
186,187.5,0.00017925437420818202
187,188.5,0.00017772137028371215
188,189.5,0.00017620856932532014
189,190.5,0.00017471560056980806
190,191.5,0.00017324210195635015
191,192.5,0.00017178771987780284
192,193.5,0.00017035210894111863
193,194.5,0.00016893493173497642
194,195.5,0.00016753585860584952
195,196.5,0.00016615456744073498
196,197.5,0.00016479074345776556
197,198.5,0.00016344407900326097
198,199.5,0.0001621142733551073
199,200.5,0.00016080103253313105
200,201.5,0.00015950406911524606
201,202.5,0.0001582231020595959
202,203.5,0.00015695785653213612
203,204.5,0.0001557080637398789
204,205.5,0.00015447346076957746
205,206.5,0.0001532537904311848
206,207.5,0.00015204880110619712
207,208.5,0.00015085824660099334
208,209.5,0.00014968188600461563
209,210.5,0.00014851948355065758
210,211.5,0.00014737080848392647
211,212.5,0.00014623563493065816
212,213.5,0.0001451137417730619
213,214.5,0.00014400491252730685
214,215.5,0.0001429089352255053
215,216.5,0.00014182560230113772
216,217.5,0.0001407547104776974
217,218.5,0.00013969606066110973
218,219.5,0.0001386494578348163
219,220.5,0.00013761471095818933
220,221.5,0.00013659163286794396
221,222.5,0.00013558004018243697
222,223.5,0.00013457975320863014
223,224.5,0.00013359059585182909
224,225.5,0.00013261239552808668
225,226.5,0.00013164498307882688
226,227.5,0.0001306881926883552
227,228.5,0.00012974186180336744
228,229.5,0.00012880583105479015
229,230.5,0.00012787994418206328
230,231.5,0.00012696404795919936
231,232.5,0.0001260579921229521
232,233.5,0.00012516162930342745
233,234.5,0.00012427481495602688
234,235.5,0.00012339740729561122
235,236.5,0.00012252926723244073
236,237.5,0.0001216702583096696
237,238.5,0.00012082024664272772
238,239.5,0.00011997910086058994
239,240.5,0.00011914669204782236
240,241.5,0.00011832289368907123
241,242.5,0.00011750758161477304
242,243.5,0.00011670063394786379
243,244.5,0.0001159019310524867
244,245.5,0.00011511135548381013
245,246.5,0.00011432879193906675
246,247.5,0.00011355412721014702
247,248.5,0.00011278725013730284
248,249.5,0.00011202805156385054
249,250.5,0.00011127642429220597
250,251.5,0.00011053226304147401
251,252.5,0.00010979546440526011
252,253.5,0.00010906592681125815
253,254.5,0.0001083435504817265
254,255.5,0.00010762823739463023
255,256.5,0.0001069198912463376
256,257.5,0.00010621841741476068
257,258.5,0.0001055237229234951
258,259.5,0.00010483571640740319
259,260.5,0.00010415430807808601
260,261.5,0.00010347940969124281
261,262.5,0.0001028109345138084
262,263.5,0.00010214879729297799
263,264.5,0.00010149291422512086
264,265.5,0.00010084320292591542
265,266.5,0.0001001995824009283
266,267.5,9.956197301730363e-05
267,268.5,9.893029647567442e-05
268,269.5,9.830447578318413e-05
269,270.5,9.768443522661929e-05
270,271.5,9.707010034676333e-05
271,272.5,9.646139791319452e-05
272,273.5,9.585825589930597e-05
273,274.5,9.526060345843579e-05
274,275.5,9.466837090010838e-05
275,276.5,9.408148966738583e-05
276,277.5,9.349989231410838e-05
277,278.5,9.2923512483023e-05
278,279.5,9.235228488457814e-05
279,280.5,9.178614527571849e-05
280,281.5,9.122503043978991e-05
281,282.5,9.066887816622238e-05
282,283.5,9.011762723121208e-05
283,284.5,8.957121737873663e-05
284,285.5,8.902958930168126e-05
285,286.5,8.849268462385318e-05
286,287.5,8.796044588210705e-05
287,288.5,8.743281650902546e-05
288,289.5,8.690974081571046e-05
289,290.5,8.639116397535229e-05
290,291.5,8.58770320069091e-05
291,292.5,8.536729175934177e-05
292,293.5,8.48618908957377e-05
293,294.5,8.43607778785449e-05
294,295.5,8.386390195436189e-05
295,296.5,8.337121313961582e-05
296,297.5,8.288266220624063e-05
297,298.5,8.239820066779924e-05
298,299.5,8.191778076582779e-05
299,300.5,8.144135545651299e-05
300,301.5,8.096887839781353e-05
301,302.5,8.050030393658147e-05
302,303.5,8.003558709601677e-05
303,304.5,7.957468356367681e-05
304,305.5,7.911754967926399e-05
305,306.5,7.866414242319042e-05
306,307.5,7.82144194050316e-05
307,308.5,7.776833885209111e-05
308,309.5,7.732585959885352e-05
309,310.5,7.688694107588212e-05
310,311.5,7.645154329938286e-05
311,312.5,7.601962686110131e-05
312,313.5,7.559115291799756e-05
313,314.5,7.51660831824763e-05
314,315.5,7.474437991261684e-05
315,316.5,7.432600590295824e-05
316,317.5,7.391092447472936e-05
317,318.5,7.349909946730016e-05
318,319.5,7.309049522896682e-05
319,320.5,7.268507660818102e-05
320,321.5,7.228280894522321e-05
321,322.5,7.188365806354291e-05
322,323.5,7.148759026187612e-05
323,324.5,7.109457230591865e-05
324,325.5,7.070457142044351e-05
325,326.5,7.031755528186245e-05
326,327.5,6.99334920104544e-05
327,328.5,6.955235016270489e-05
328,329.5,6.917409872453373e-05
329,330.5,6.879870710363445e-05
330,331.5,6.8426145122924e-05
331,332.5,6.80563830134373e-05
332,333.5,6.768939140766594e-05
333,334.5,6.732514133278578e-05
334,335.5,6.696360420455072e-05
335,336.5,6.660475182063141e-05
336,337.5,6.624855635450899e-05
337,338.5,6.589499034936885e-05
338,339.5,6.554402671221649e-05
339,340.5,6.519563870777123e-05
340,341.5,6.484979995291518e-05
341,342.5,6.450648441092e-05
342,343.5,6.416566638600685e-05
343,344.5,6.382732051779527e-05
344,345.5,6.349142177608513e-05
345,346.5,6.315794545541653e-05
346,347.5,6.282686717029584e-05
347,348.5,6.249816284986665e-05
348,349.5,6.21718087328027e-05
349,350.5,6.184778136297808e-05
350,351.5,6.15260575841381e-05
351,352.5,6.120661453568044e-05
352,353.5,6.08894296476592e-05
353,354.5,6.057448063667703e-05
354,355.5,6.0261745501000163e-05
355,356.5,5.995120251667263e-05
356,357.5,5.964283023296435e-05
357,358.5,5.93366074682633e-05
358,359.5,5.903251330585668e-05
359,360.5,5.873052709015614e-05
360,361.5,5.8430628422478925e-05
361,362.5,5.813279715716213e-05
362,363.5,5.783701339789893e-05
363,364.5,5.7543257493741784e-05
364,365.5,5.725151003577178e-05
365,366.5,5.6961751853101816e-05
366,367.5,5.667396400954594e-05
367,368.5,5.638812779984459e-05
368,369.5,5.6104224746666986e-05
369,370.5,5.5822236596947405e-05
370,371.5,5.554214531844348e-05
371,372.5,5.526393309684963e-05
372,373.5,5.49875823321333e-05
373,374.5,5.471307563587047e-05
374,375.5,5.444039582769289e-05
375,376.5,5.416952593273461e-05
376,377.5,5.390044917819026e-05
377,378.5,5.36331489905395e-05
378,379.5,5.336760899277149e-05
379,380.5,5.310381300138722e-05
380,381.5,5.284174502384609e-05
381,382.5,5.258138925545719e-05
382,383.5,5.232273007704791e-05
383,384.5,5.206575205207731e-05
384,385.5,5.181043992408263e-05
385,386.5,5.1556778614125776e-05
386,387.5,5.130475321835082e-05
387,388.5,5.105434900554151e-05
388,389.5,5.080555141434573e-05
389,390.5,5.055834605138809e-05
390,391.5,5.031271868849441e-05
391,392.5,5.006865526058224e-05
392,393.5,4.9826141863329454e-05
393,394.5,4.958516475095376e-05
394,395.5,4.9345710333992265e-05
395,396.5,4.910776517708104e-05
396,397.5,4.887131599695671e-05
397,398.5,4.8636349660236e-05
398,399.5,4.840285318152837e-05
399,400.5,4.8170813721104544e-05
400,401.5,4.794021858312014e-05
401,402.5,4.771105521361729e-05
402,403.5,4.7483311198637246e-05
403,404.5,4.7256974262221974e-05
404,405.5,4.703203226452679e-05
405,406.5,4.6808473200044e-05
406,407.5,4.658628519593755e-05
407,408.5,4.636545650993362e-05
408,409.5,4.614597552865529e-05
409,410.5,4.5927830766290256e-05
410,411.5,4.571101086225937e-05
411,412.5,4.5495504579995405e-05
412,413.5,4.528130080516668e-05
413,414.5,4.506838854401174e-05
414,415.5,4.4856756921785035e-05
415,416.5,4.4646395181313636e-05
416,417.5,4.443729268110985e-05
417,418.5,4.4229438894149986e-05
418,419.5,4.4022823406209e-05
419,420.5,4.381743591463927e-05
420,421.5,4.361326622659423e-05
421,422.5,4.341030425780712e-05
422,423.5,4.320854003103669e-05
423,424.5,4.300796367484594e-05
424,425.5,4.280856542215883e-05
425,426.5,4.2610335608816996e-05
426,427.5,4.241326467246953e-05
427,428.5,4.221734315101866e-05
428,429.5,4.202256168150953e-05
429,430.5,4.182891099879793e-05
430,431.5,4.163638193432906e-05
431,432.5,4.144496541491627e-05
432,433.5,4.1254652461519825e-05
433,434.5,4.1065434188136685e-05
434,435.5,4.08773018003572e-05
435,436.5,4.0690246594587975e-05
436,437.5,4.0504259956497535e-05
437,438.5,4.031933336035021e-05
438,439.5,4.0135458367562826e-05
439,440.5,3.9952626625705534e-05
440,441.5,3.977082986750258e-05
441,442.5,3.9590059909611064e-05
442,443.5,3.9410308651843806e-05
443,444.5,3.923156807583705e-05
444,445.5,3.9053830244273335e-05
445,446.5,3.887708729977124e-05
446,447.5,3.8701331463997235e-05
447,448.5,3.852655503644442e-05
448,449.5,3.835275039387742e-05
449,450.5,3.8179909989000116e-05
450,451.5,3.8008026349900526e-05
451,452.5,3.783709207871855e-05
452,453.5,3.766709985120187e-05
453,454.5,3.749804241537369e-05
454,455.5,3.732991259097762e-05
455,456.5,3.71627032685895e-05
456,457.5,3.699640740850718e-05
457,458.5,3.683101804030642e-05
458,459.5,3.6666528261619646e-05
459,460.5,3.650293123758086e-05
460,461.5,3.634022019982641e-05
461,462.5,3.6178388446050924e-05
462,463.5,3.6017429338786044e-05
463,464.5,3.5857336304956355e-05
464,465.5,3.5698102834880174e-05
465,466.5,3.5539722481825464e-05
466,467.5,3.538218886101063e-05
467,468.5,3.52254956489384e-05
468,469.5,3.5069636582618635e-05
469,470.5,3.491460545912428e-05
470,471.5,3.476039613448112e-05
471,472.5,3.460700252344573e-05
472,473.5,3.4454418598395264e-05
473,474.5,3.430263838899439e-05
474,475.5,3.4151655981307094e-05
475,476.5,3.400146551713057e-05
476,477.5,3.385206119366213e-05
477,478.5,3.3703437262500024e-05
478,479.5,3.355558802931036e-05
479,480.5,3.3408507852827896e-05
480,481.5,3.3262191144745046e-05
481,482.5,3.311663236871265e-05
482,483.5,3.29718260398959e-05
483,484.5,3.282776672441923e-05
484,485.5,3.268444903881118e-05
485,486.5,3.2541867649227285e-05
486,487.5,3.2400017271116965e-05
487,488.5,3.225889266866844e-05
488,489.5,3.2118488654142574e-05
489,490.5,3.197880008720677e-05
490,491.5,3.1839821874823926e-05
491,492.5,3.170154897036426e-05
492,493.5,3.156397637316122e-05
493,494.5,3.1427099128178426e-05
494,495.5,3.129091232523251e-05
495,496.5,3.1155411098660046e-05
496,497.5,3.1020590626762434e-05
497,498.5,3.088644613136182e-05
498,499.5,3.075297287735701e-05
499,500.5,3.062016617227936e-05
500,501.5,3.048802136551565e-05
501,502.5,3.0356533848308054e-05
502,503.5,3.0225699052977006e-05
503,504.5,3.0095512452699147e-05
504,505.5,2.9965969560730166e-05
505,506.5,2.983706593018276e-05
506,507.5,2.970879715380459e-05
507,508.5,2.9581158863090096e-05
508,509.5,2.9454146728280506e-05
509,510.5,2.9327756457697696e-05
510,511.5,2.9201983797411124e-05
511,512.5,2.9076824530904766e-05
512,513.5,2.8952274478410978e-05
513,514.5,2.88283294969105e-05
514,515.5,2.8704985479355294e-05
515,516.5,2.8582238354668554e-05
516,517.5,2.846008408696754e-05
517,518.5,2.8338518675563584e-05
518,519.5,2.821753815429595e-05
519,520.5,2.80971385913098e-05
520,521.5,2.7977316088612092e-05
521,522.5,2.7858066781960567e-05
522,523.5,2.773938684008659e-05
523,524.5,2.7621272464695146e-05
524,525.5,2.750371988990974e-05
525,526.5,2.738672538216136e-05
526,527.5,2.7270285239744396e-05
527,528.5,2.7154395792372554e-05
528,529.5,2.703905340084578e-05
529,530.5,2.6924254457050267e-05
530,531.5,2.6809995383292318e-05
531,532.5,2.66962726320763e-05
532,533.5,2.6583082685771586e-05
533,534.5,2.647042205650152e-05
534,535.5,2.6358287285699333e-05
535,536.5,2.624667494355304e-05
536,537.5,2.6135581629227467e-05
537,538.5,2.6025003970198135e-05
538,539.5,2.5914938622029204e-05
539,540.5,2.5805382268151433e-05
540,541.5,2.569633161952911e-05
541,542.5,2.5587783414438015e-05
542,543.5,2.5479734418132338e-05
543,544.5,2.5372181422622653e-05
544,545.5,2.5265121246231814e-05
545,546.5,2.5158550733705987e-05
546,547.5,2.5052466755548508e-05
547,548.5,2.494686620790887e-05
548,549.5,2.4841746012471688e-05
549,550.5,2.4737103116012626e-05
550,551.5,2.463293449028736e-05
551,552.5,2.45292371315875e-05
552,553.5,2.4426008060629556e-05
553,554.5,2.4323244322443927e-05
554,555.5,2.4220942985819782e-05
555,556.5,2.4119101143305066e-05
556,557.5,2.4017715910873427e-05
557,558.5,2.3916784427813198e-05
558,559.5,2.3816303856394327e-05
559,560.5,2.3716271381646337e-05
560,561.5,2.3616684211136274e-05
561,562.5,2.351753957474667e-05
562,563.5,2.341883472456452e-05
563,564.5,2.332056693443718e-05
564,565.5,2.3222733499972392e-05
565,566.5,2.3125331738316213e-05
566,567.5,2.3028358987819963e-05
567,568.5,2.293181260781818e-05
568,569.5,2.2835689978739637e-05
569,570.5,2.273998850144121e-05
570,571.5,2.264470559720788e-05
571,572.5,2.2549838707863756e-05
572,573.5,2.2455385295105934e-05
573,574.5,2.2361342840393483e-05
574,575.5,2.2267708845169487e-05
575,576.5,2.217448083019491e-05
576,577.5,2.2081656335548594e-05
577,578.5,2.1989232920405222e-05
578,579.5,2.189720816303531e-05
579,580.5,2.1805579660250096e-05
580,581.5,2.1714345027734616e-05
581,582.5,2.162350189938156e-05
582,583.5,2.1533047927402293e-05
583,584.5,2.1442980781993803e-05
584,585.5,2.1353298151449707e-05
585,586.5,2.1263997741605145e-05
586,587.5,2.1175077275836784e-05
587,588.5,2.1086534495062814e-05
588,589.5,2.0998367157520903e-05
589,590.5,2.0910573038213087e-05
590,591.5,2.082314992934986e-05
591,592.5,2.073609563979506e-05
592,593.5,2.064940799506587e-05
593,594.5,2.0563084836999757e-05
594,595.5,2.04771240239765e-05
595,596.5,2.039152343025208e-05
596,597.5,2.030628094629172e-05
597,598.5,2.022139447843685e-05
598,599.5,2.0136861948572005e-05
599,600.5,2.0052681294235875e-05
600,601.5,1.9968850468399246e-05
601,602.5,1.9885367439242962e-05
602,603.5,1.9802230190268943e-05
603,604.5,1.9719436719856098e-05
604,605.5,1.9636985041260324e-05
605,606.5,1.9554873182503485e-05
606,607.5,1.9473099186151366e-05
607,608.5,1.9391661109313674e-05
608,609.5,1.9310557023421993e-05
609,610.5,1.922978501411876e-05
610,611.5,1.914934318114625e-05
611,612.5,1.906922963812452e-05
612,613.5,1.8989442512662436e-05
613,614.5,1.890997994591359e-05
614,615.5,1.8830840092687318e-05
615,616.5,1.8752021121226647e-05
616,617.5,1.867352121320831e-05
617,618.5,1.859533856352069e-05
618,619.5,1.8517471380041783e-05
619,620.5,1.8439917883750212e-05
620,621.5,1.8362676308392167e-05
621,622.5,1.828574490070345e-05
622,623.5,1.8209121919743332e-05
623,624.5,1.8132805637449678e-05
624,625.5,1.8056794337972804e-05
625,626.5,1.798108631789752e-05
626,627.5,1.7905679885910075e-05
627,628.5,1.783057336279814e-05
628,629.5,1.7755765081561847e-05
629,630.5,1.7681253386858664e-05
630,631.5,1.7607036635225448e-05
631,632.5,1.753311319496742e-05
632,633.5,1.7459481445825098e-05
633,634.5,1.738613977908532e-05
634,635.5,1.731308659758124e-05
635,636.5,1.7240320315137225e-05
636,637.5,1.7167839357012937e-05
637,638.5,1.7095642159459246e-05
638,639.5,1.702372716982925e-05
639,640.5,1.6952092846245215e-05
640,641.5,1.6880737657709588e-05
641,642.5,1.680966008388296e-05
642,643.5,1.6738858615195085e-05
643,644.5,1.666833175240079e-05
644,645.5,1.6598078006913042e-05
645,646.5,1.6528095900469886e-05
646,647.5,1.6458383965023415e-05
647,648.5,1.6388940742628755e-05
648,649.5,1.631976478555508e-05
649,650.5,1.6250854656063574e-05
650,651.5,1.6182208926407426e-05
651,652.5,1.611382617860979e-05
652,653.5,1.604570500435276e-05
653,654.5,1.5977844005199415e-05
654,655.5,1.591024179226075e-05
655,656.5,1.584289698597363e-05
656,657.5,1.5775808216544895e-05
657,658.5,1.5708974123285202e-05
658,659.5,1.5642393354831086e-05
659,660.5,1.557606456903393e-05
660,661.5,1.5509986432959977e-05
661,662.5,1.5444157622668264e-05
662,663.5,1.537857682309962e-05
663,664.5,1.5313242728298704e-05
664,665.5,1.5248154040969908e-05
665,666.5,1.5183309472699413e-05
666,667.5,1.5118707743622117e-05
667,668.5,1.5054347582532657e-05
668,669.5,1.4990227726885408e-05
669,670.5,1.492634692246142e-05
670,671.5,1.4862703923479437e-05
671,672.5,1.4799297492484875e-05
672,673.5,1.4736126400349825e-05
673,674.5,1.4673189426162025e-05
674,675.5,1.4610485357002823e-05
675,676.5,1.4548012988169212e-05
676,677.5,1.4485771122840774e-05
677,678.5,1.4423758572190692e-05
678,679.5,1.4361974155274737e-05
679,680.5,1.4300416698920237e-05
680,681.5,1.4239085037726085e-05
681,682.5,1.4177978013951709e-05
682,683.5,1.4117094477517078e-05
683,684.5,1.4056433285891679e-05
684,685.5,1.399599330398349e-05
685,686.5,1.3935773404250007e-05
686,687.5,1.38757724664762e-05
687,688.5,1.3815989377663485e-05
688,689.5,1.3756423032140752e-05
689,690.5,1.3697072331564364e-05
690,691.5,1.3637936184585087e-05
691,692.5,1.3579013507070137e-05
692,693.5,1.3520303221770114e-05
693,694.5,1.3461804258430021e-05
694,695.5,1.3403515553900291e-05
695,696.5,1.3345436051692694e-05
696,697.5,1.3287564702313404e-05
697,698.5,1.3229900462818911e-05
698,699.5,1.317244229714909e-05
699,700.5,1.3115189175905151e-05
700,701.5,1.30581400761276e-05
701,702.5,1.300129398151828e-05
702,703.5,1.2944649882218329e-05
703,704.5,1.2888206774919198e-05
704,705.5,1.283196366264061e-05
705,706.5,1.2775919554730564e-05
706,707.5,1.2720073466976345e-05
707,708.5,1.266442442127147e-05
708,709.5,1.260897144561568e-05
709,710.5,1.2553713574448011e-05
710,711.5,1.249864984809168e-05
711,712.5,1.2443779313087155e-05
712,713.5,1.2389101021859084e-05
713,714.5,1.2334614032827318e-05
714,715.5,1.2280317410295893e-05
715,716.5,1.222621022456405e-05
716,717.5,1.2172291551593162e-05
717,718.5,1.2118560473339812e-05
718,719.5,1.2065016077311697e-05
719,720.5,1.2011657456900693e-05
720,721.5,1.1958483710938772e-05
721,722.5,1.1905493944031065e-05
722,723.5,1.1852687266333817e-05
723,724.5,1.1800062793332344e-05
724,725.5,1.1747619646285123e-05
725,726.5,1.16953569517797e-05
726,727.5,1.1643273841732693e-05
727,728.5,1.159136945350081e-05
728,729.5,1.1539642929658811e-05
729,730.5,1.1488093418221546e-05
730,731.5,1.1436720072421913e-05
731,732.5,1.1385522050488817e-05
732,733.5,1.1334498516091251e-05
733,734.5,1.1283648637783195e-05
734,735.5,1.1232971589336671e-05
735,736.5,1.1182466549630732e-05
736,737.5,1.113213270242941e-05
737,738.5,1.1081969236492739e-05
738,739.5,1.1031975345465739e-05
739,740.5,1.0982150228100451e-05
740,741.5,1.0932493087811856e-05
741,742.5,1.0883003132899915e-05
742,743.5,1.0833679576438549e-05
743,744.5,1.0784521636275635e-05
744,745.5,1.073552853492199e-05
745,746.5,1.0686699499662389e-05
746,747.5,1.0638033762444543e-05
747,748.5,1.0589530559768079e-05
748,749.5,1.0541189132795559e-05
749,750.5,1.0493008727130437e-05
750,751.5,1.0444988592928084e-05
751,752.5,1.0397127984895782e-05
752,753.5,1.0349426162070685e-05
753,754.5,1.0301882387930839e-05
754,755.5,1.0254495930506202e-05
755,756.5,1.0207266062045584e-05
756,757.5,1.0160192059016637e-05
757,758.5,1.0113273202438933e-05
758,759.5,1.0066508777328842e-05
759,760.5,1.001989807314363e-05
760,761.5,9.973440383337362e-06
761,762.5,9.927135005804999e-06
762,763.5,9.880981242216258e-06
763,764.5,9.834978398681749e-06
764,765.5,9.789125785308883e-06
765,766.5,9.743422716090855e-06
766,767.5,9.697868509128682e-06
767,768.5,9.652462486631208e-06
768,769.5,9.607203974693057e-06
769,770.5,9.562092303294634e-06
770,771.5,9.517126806302123e-06
771,772.5,9.472306821689536e-06
772,773.5,9.427631690983596e-06
773,774.5,9.38310075970783e-06
774,775.5,9.338713377049501e-06
775,776.5,9.294468896192676e-06
776,777.5,9.250366673874133e-06
777,778.5,9.20640607060541e-06
778,779.5,9.162586450561783e-06
779,780.5,9.118907181582259e-06
780,781.5,9.075367635280607e-06
781,782.5,9.031967186712286e-06
782,783.5,8.988705214596493e-06
783,784.5,8.945581101205136e-06
784,785.5,8.902594232362837e-06
785,786.5,8.859743997335912e-06
786,787.5,8.817029788943387e-06
787,788.5,8.774451003557004e-06
788,789.5,8.732007040768153e-06
789,790.5,8.689697303831956e-06
790,791.5,8.647521199223185e-06
791,792.5,8.605478136858302e-06
792,793.5,8.563567529873417e-06
793,794.5,8.521788794957352e-06
794,795.5,8.480141351907555e-06
795,796.5,8.438624623963165e-06
796,797.5,8.397238037360921e-06
797,798.5,8.35598102189028e-06
798,799.5,8.314853010338297e-06
799,800.5,8.273853438711676e-06
800,801.5,8.232981746125745e-06
801,802.5,8.192237375026501e-06
802,803.5,8.151619770857543e-06
803,804.5,8.111128382171096e-06
804,805.5,8.070762660516984e-06
805,806.5,8.03052206066468e-06
806,807.5,7.99040604038126e-06
807,808.5,7.950414060431399e-06
808,809.5,7.910545584577378e-06
809,810.5,7.870800079468054e-06
810,811.5,7.831177014860913e-06
811,812.5,7.791675863288994e-06
812,813.5,7.752296100393963e-06
813,814.5,7.713037204593043e-06
814,815.5,7.673898657190037e-06
815,816.5,7.634879942375328e-06
816,817.5,7.595980547114856e-06
817,818.5,7.557199961261141e-06
818,819.5,7.518537677442261e-06
819,820.5,7.479993191061851e-06
820,821.5,7.441566000299105e-06
821,822.5,7.403255606108772e-06
822,823.5,7.365061512110138e-06
823,824.5,7.326983224698047e-06
824,825.5,7.289020252931877e-06
825,826.5,7.2511721084245195e-06
826,827.5,7.213438305675446e-06
827,828.5,7.175818361626618e-06
828,829.5,7.1383117959955555e-06
829,830.5,7.100918130942269e-06
830,831.5,7.063636891291303e-06
831,832.5,7.026467604420716e-06
832,833.5,6.989409800373103e-06
833,834.5,6.952463011522525e-06
834,835.5,6.915626772907579e-06
835,836.5,6.878900622009354e-06
836,837.5,6.84228409886245e-06
837,838.5,6.8057767458329366e-06
838,839.5,6.769378107840396e-06
839,840.5,6.733087732246901e-06
840,841.5,6.696905168745992e-06
841,842.5,6.660829969584725e-06
842,843.5,6.624861689230599e-06
843,844.5,6.588999884593605e-06
844,845.5,6.553244115026224e-06
845,846.5,6.517593942212407e-06
846,847.5,6.4820489299455275e-06
847,848.5,6.446608644572471e-06
848,849.5,6.411272654660571e-06
849,850.5,6.3760405309976065e-06
850,851.5,6.340911846813846e-06
851,852.5,6.30588617733796e-06
852,853.5,6.2709631002411115e-06
853,854.5,6.236142195303884e-06
854,855.5,6.201423044638332e-06
855,856.5,6.166805232465933e-06
856,857.5,6.132288345117587e-06
857,858.5,6.097871971255664e-06
858,859.5,6.063555701540935e-06
859,860.5,6.029339128965638e-06
860,861.5,5.995221848409393e-06
861,862.5,5.961203457083286e-06
862,863.5,5.927283554085783e-06
863,864.5,5.893461740846817e-06
864,865.5,5.85973762057268e-06
865,866.5,5.826110798801132e-06
866,867.5,5.792580883068332e-06
867,868.5,5.759147482797822e-06
868,869.5,5.725810209522564e-06
869,870.5,5.692568676773924e-06
870,871.5,5.65942250019269e-06
871,872.5,5.626371297196009e-06
872,873.5,5.5934146873104496e-06
873,874.5,5.560552291949961e-06
874,875.5,5.527783734526892e-06
875,876.5,5.495108640340973e-06
876,877.5,5.462526636579312e-06
877,878.5,5.4300373525384416e-06
878,879.5,5.397640419180227e-06
879,880.5,5.365335469464938e-06
880,881.5,5.3331221382402205e-06
881,882.5,5.301000062130079e-06
882,883.5,5.268968879645897e-06
883,884.5,5.237028231186436e-06
884,885.5,5.2051777589268156e-06
885,886.5,5.173417106818512e-06
886,887.5,5.14174592070038e-06
887,888.5,5.110163848187632e-06
888,889.5,5.078670538671837e-06
889,890.5,5.0472656433209195e-06
890,891.5,5.015948815079163e-06
891,892.5,4.9847197085561845e-06
892,893.5,4.95357798024898e-06
893,894.5,4.922523288208858e-06
894,895.5,4.891555292263483e-06
895,896.5,4.860673654016878e-06
896,897.5,4.8298780367384e-06
897,898.5,4.799168105362739e-06
898,899.5,4.768543526489921e-06
899,900.5,4.738003968496329e-06
900,901.5,4.707549101201636e-06
901,902.5,4.67717859620187e-06
902,903.5,4.646892126758395e-06
903,904.5,4.61668936779791e-06
904,905.5,4.586569995690404e-06
905,906.5,4.556533688471198e-06
906,907.5,4.526580125840951e-06
907,908.5,4.496708989054632e-06
908,909.5,4.466919960921523e-06
909,910.5,4.43721272591624e-06
910,911.5,4.407586969956689e-06
911,912.5,4.37804238051509e-06
912,913.5,4.348578646617973e-06
913,914.5,4.319195458846181e-06
914,915.5,4.2898925093348694e-06
915,916.5,4.260669491662483e-06
916,917.5,4.23152610096178e-06
917,918.5,4.202462033808807e-06
918,919.5,4.173476988222902e-06
919,920.5,4.1445706637777135e-06
920,921.5,4.115742761601204e-06
921,922.5,4.0869929841536035e-06
922,923.5,4.05832103533843e-06
923,924.5,4.029726620502494e-06
924,925.5,4.001209446435894e-06
925,926.5,3.972769221483041e-06
926,927.5,3.944405655209593e-06
927,928.5,3.916118458735518e-06
928,929.5,3.887907344402031e-06
929,930.5,3.8597720261046575e-06
930,931.5,3.831712219071193e-06
931,932.5,3.8037276399727205e-06
932,933.5,3.77581800670157e-06
933,934.5,3.747983038593361e-06
934,935.5,3.7202224563159803e-06
935,936.5,3.6925359818695824e-06
936,937.5,3.664923338697612e-06
937,938.5,3.637384251353737e-06
938,939.5,3.6099184459459366e-06
939,940.5,3.582525649692414e-06
940,941.5,3.555205591254662e-06
941,942.5,3.5279580005154187e-06
942,943.5,3.50078260868969e-06
943,944.5,3.4736791482137264e-06
944,945.5,3.446647352856047e-06
945,946.5,3.419686957606416e-06
946,947.5,3.3927976987868647e-06
947,948.5,3.365979313829648e-06
948,949.5,3.3392315416103102e-06
949,950.5,3.312554122003597e-06
950,951.5,3.2859467963275435e-06
951,952.5,3.259409307010408e-06
952,953.5,3.232941397701694e-06
953,954.5,3.206542813383173e-06
954,955.5,3.180213300035817e-06
955,956.5,3.153952604972865e-06
956,957.5,3.1277604766177802e-06
957,958.5,3.1016366646152704e-06
958,959.5,3.075580919831289e-06
959,960.5,3.049592994242012e-06
960,961.5,3.023672640933839e-06
961,962.5,2.9978196142144142e-06
962,963.5,2.972033669612628e-06
963,964.5,2.9463145636565713e-06
964,965.5,2.9206620540955797e-06
965,966.5,2.89507589967819e-06
966,967.5,2.8695558604852067e-06
967,968.5,2.844101697596635e-06
968,969.5,2.8187131732027026e-06
969,970.5,2.793390050492839e-06
970,971.5,2.76813209398874e-06
971,972.5,2.742939069100281e-06
972,973.5,2.7178107424585818e-06
973,974.5,2.6927468815829414e-06
974,975.5,2.667747255324926e-06
975,976.5,2.64281163342428e-06
976,977.5,2.6179397867309717e-06
977,978.5,2.593131487094169e-06
978,979.5,2.5683865074732637e-06
979,980.5,2.54370462193787e-06
980,981.5,2.519085605445781e-06
981,982.5,2.4945292339539904e-06
982,983.5,2.470035284640737e-06
983,984.5,2.4456035356834604e-06
984,985.5,2.4212337660367567e-06
985,986.5,2.3969257558764667e-06
986,987.5,2.3726792863776325e-06
987,988.5,2.348494139603474e-06
988,989.5,2.324370098616413e-06
989,990.5,2.3003069475890925e-06
990,991.5,2.276304471471313e-06
991,992.5,2.2523624564341205e-06
992,993.5,2.228480689425716e-06
993,994.5,2.204658958504524e-06
994,995.5,2.1808970525061255e-06
995,996.5,2.1571947613763243e-06
996,997.5,2.1335518759491023e-06
997,998.5,2.1099681879466203e-06
998,999.5,2.0864434900902395e-06
999,1000.5,2.062977576100522e-06
1000,1001.5,2.039570240475186e-06
1001,1002.5,2.0162212788221723e-06
1002,1003.5,1.9929304874155562e-06
1003,1004.5,1.9696976636396357e-06
1004,1005.5,1.946522605766887e-06
1005,1006.5,1.9234051129579655e-06
1006,1007.5,1.9003449851506815e-06
1007,1008.5,1.877342023282047e-06
1008,1009.5,1.8543960292882744e-06
1009,1010.5,1.8315068057717099e-06
1010,1011.5,1.808674156222878e-06
1011,1012.5,1.7858978852425267e-06
1012,1013.5,1.7631777979865149e-06
1013,1014.5,1.7405137007209248e-06
1014,1015.5,1.7179054004889949e-06
1015,1016.5,1.6953527052221418e-06
1016,1017.5,1.6728554236289384e-06
1017,1018.5,1.6504133651951136e-06
1018,1019.5,1.6280263404055972e-06
1019,1020.5,1.6056941606334973e-06
1020,1021.5,1.5834166378070336e-06
1021,1022.5,1.5611935849646486e-06
1022,1023.5,1.5390248158109188e-06
1023,1024.5,1.5169101448275768e-06
1024,1025.5,1.494849387495556e-06
1025,1026.5,1.4728423599619234e-06
1026,1027.5,1.4508888791509023e-06
1027,1028.5,1.4289887628748943e-06
1028,1029.5,1.4071418298344796e-06
1029,1030.5,1.3853478992853496e-06
1030,1031.5,1.3636067913713745e-06
1031,1032.5,1.3419183271246027e-06
1032,1033.5,1.3202823282432163e-06
1033,1034.5,1.2986986172025539e-06
1034,1035.5,1.277167017366132e-06
1035,1036.5,1.2556873526525791e-06
1036,1037.5,1.2342594479797242e-06
1037,1038.5,1.2128831288205077e-06
1038,1039.5,1.1915582215360487e-06
1039,1040.5,1.1702845532646222e-06
1040,1041.5,1.1490619516996148e-06
1041,1042.5,1.1278902455336137e-06
1042,1043.5,1.1067692639032956e-06
1043,1044.5,1.0856988369445375e-06
1044,1045.5,1.0646787954593506e-06
1045,1046.5,1.0437089709158798e-06
1046,1047.5,1.0227891954484036e-06
1047,1048.5,1.0019193020793793e-06
1048,1049.5,9.810991243863754e-07
1049,1050.5,9.603284968351389e-07
1050,1051.5,9.396072544465284e-07
1051,1052.5,9.189352330185585e-07
1052,1053.5,8.983122690153778e-07
1053,1054.5,8.777381995672684e-07
1054,1055.5,8.572128626926911e-07
1055,1056.5,8.367360968541959e-07
1056,1057.5,8.163077412914888e-07
1057,1058.5,7.959276359104095e-07
1058,1059.5,7.755956213939541e-07
1059,1060.5,7.553115390912524e-07
1060,1061.5,7.350752307955233e-07
1061,1062.5,7.148865392991866e-07
1062,1063.5,6.947453078387511e-07
1063,1064.5,6.746513803168597e-07
1064,1065.5,6.546046014133111e-07
1065,1066.5,6.346048164740381e-07
1066,1067.5,6.146518712890625e-07
1067,1068.5,5.947456125365846e-07
1068,1069.5,5.74885887338894e-07
1069,1070.5,5.550725437064585e-07
1070,1071.5,5.35305429982813e-07
1071,1072.5,5.155843953996708e-07
1072,1073.5,4.959092897438566e-07
1073,1074.5,4.762799633573067e-07
1074,1075.5,4.566962672480912e-07
1075,1076.5,4.371580532014363e-07
1076,1077.5,4.1766517333563513e-07
1077,1078.5,3.982174805461369e-07
1078,1079.5,3.7881482839452474e-07
1079,1080.5,3.5945707099749313e-07
1080,1081.5,3.401440630268482e-07
1081,1082.5,3.208756598205298e-07
1082,1083.5,3.0165171727158935e-07
1083,1084.5,2.824720919392121e-07
1084,1085.5,2.633366409376947e-07
1085,1086.5,2.442452219364455e-07
1086,1087.5,2.2519769327100647e-07
1087,1088.5,2.0619391372100893e-07
1088,1089.5,1.8723374284324024e-07
1089,1090.5,1.68317040638577e-07
1090,1091.5,1.4944366777402962e-07
1091,1092.5,1.3061348536069772e-07
1092,1093.5,1.1182635517581474e-07
1093,1094.5,9.308213966274792e-08
1094,1095.5,7.438070159793142e-08
1095,1096.5,5.572190442393321e-08
1096,1097.5,3.710561224945508e-08
1097,1098.5,1.8531689627288017e-08
1098,1099.5,1.6653345369377348e-15
